evolves_from_species_id,evolved_species_id,evolution_trigger_id,trigger_item_id,minimum_level,gender_id,location_id,held_item_id,time_of_day,known_move_id,known_move_type_id,minimum_happiness,minimum_beauty,minimum_affection,relative_physical_stats,party_species_id,party_type_id,trade_species_id,needs_overworld_rain,turn_upside_down
1,2,1,,16,,,,,,,,,,,,,,0,0
2,3,1,,32,,,,,,,,,,,,,,0,0
4,5,1,,16,,,,,,,,,,,,,,0,0
5,6,1,,36,,,,,,,,,,,,,,0,0
7,8,1,,16,,,,,,,,,,,,,,0,0
8,9,1,,36,,,,,,,,,,,,,,0,0
10,11,1,,7,,,,,,,,,,,,,,0,0
11,12,1,,10,,,,,,,,,,,,,,0,0
13,14,1,,7,,,,,,,,,,,,,,0,0
14,15,1,,10,,,,,,,,,,,,,,0,0
16,17,1,,18,,,,,,,,,,,,,,0,0
17,18,1,,36,,,,,,,,,,,,,,0,0
19,20,1,,20,,,,,,,,,,,,,,0,0
19,20,1,,20,,,,night,,,,,,,,,,0,0
21,22,1,,20,,,,,,,,,,,,,,0,0
23,24,1,,22,,,,,,,,,,,,,,0,0
172,25,1,,,,,,,,,220,,,,,,,0,0
25,26,3,83,,,,,,,,,,,,,,,0,0
27,28,1,,22,,,,,,,,,,,,,,0,0
27,28,3,885,,,,,,,,,,,,,,,0,0
29,30,1,,16,,,,,,,,,,,,,,0,0
30,31,3,81,,,,,,,,,,,,,,,0,0
32,33,1,,16,,,,,,,,,,,,,,0,0
33,34,3,81,,,,,,,,,,,,,,,0,0
173,35,1,,,,,,,,,160,,,,,,,0,0
35,36,3,81,,,,,,,,,,,,,,,0,0
37,38,3,82,,,,,,,,,,,,,,,0,0
37,38,3,885,,,,,,,,,,,,,,,0,0
174,39,1,,,,,,,,,160,,,,,,,0,0
39,40,3,81,,,,,,,,,,,,,,,0,0
41,42,1,,22,,,,,,,,,,,,,,0,0
42,169,1,,,,,,,,,160,,,,,,,0,0
43,44,1,,21,,,,,,,,,,,,,,0,0
44,45,3,85,,,,,,,,,,,,,,,0,0
44,182,3,80,,,,,,,,,,,,,,,0,0
46,47,1,,24,,,,,,,,,,,,,,0,0
48,49,1,,31,,,,,,,,,,,,,,0,0
50,51,1,,26,,,,,,,,,,,,,,0,0
52,53,1,,28,,,,,,,,,,,,,,0,0
52,53,1,,,,,,,,,160,,,,,,,0,0
52,863,1,,28,,,,,,,,,,,,,,0,0
54,55,1,,33,,,,,,,,,,,,,,0,0
56,57,1,,28,,,,,,,,,,,,,,0,0
57,979,10,,,,,,,,,,,,,,,,0,0
58,59,3,82,,,,,,,,,,,,,,,0,0
60,61,1,,25,,,,,,,,,,,,,,0,0
61,62,3,84,,,,,,,,,,,,,,,0,0
61,186,2,,,,,198,,,,,,,,,,,0,0
63,64,1,,16,,,,,,,,,,,,,,0,0
64,65,2,,,,,,,,,,,,,,,,0,0
66,67,1,,28,,,,,,,,,,,,,,0,0
67,68,2,,,,,,,,,,,,,,,,0,0
69,70,1,,21,,,,,,,,,,,,,,0,0
70,71,3,85,,,,,,,,,,,,,,,0,0
72,73,1,,30,,,,,,,,,,,,,,0,0
74,75,1,,25,,,,,,,,,,,,,,0,0
75,76,2,,,,,,,,,,,,,,,,0,0
77,78,1,,40,,,,,,,,,,,,,,0,0
79,80,1,,37,,,,,,,,,,,,,,0,0
79,80,3,1633,,,,,,,,,,,,,,,0,0
79,199,2,,,,,198,,,,,,,,,,,0,0
79,199,3,1643,,,,,,,,,,,,,,,0,0
81,82,1,,30,,,,,,,,,,,,,,0,0
82,462,1,,,,10,,,,,,,,,,,,0,0
82,462,1,,,,379,,,,,,,,,,,,0,0
82,462,1,,,,629,,,,,,,,,,,,0,0
82,462,1,,,,,,,,,,,,,,,,0,0
82,462,3,83,,,,,,,,,,,,,,,0,0
83,865,8,,,,,,,,,,,,,,,,0,0
84,85,1,,31,,,,,,,,,,,,,,0,0
86,87,1,,34,,,,,,,,,,,,,,0,0
88,89,1,,38,,,,,,,,,,,,,,0,0
90,91,3,84,,,,,,,,,,,,,,,0,0
92,93,1,,25,,,,,,,,,,,,,,0,0
93,94,2,,,,,,,,,,,,,,,,0,0
95,208,2,,,,,210,,,,,,,,,,,0,0
96,97,1,,26,,,,,,,,,,,,,,0,0
98,99,1,,28,,,,,,,,,,,,,,0,0
100,101,1,,30,,,,,,,,,,,,,,0,0
102,103,3,85,,,,,,,,,,,,,,,0,0
104,105,1,,28,,,,,,,,,,,,,,0,0
104,105,1,,28,,,,night,,,,,,,,,,0,0
236,106,1,,20,,,,,,,,,,1,,,,0,0
236,107,1,,20,,,,,,,,,,-1,,,,0,0
236,237,1,,20,,,,,,,,,,0,,,,0,0
108,463,1,,,,,,,205,,,,,,,,,0,0
109,110,1,,35,,,,,,,,,,,,,,0,0
111,112,1,,42,,,,,,,,,,,,,,0,0
112,464,2,,,,,298,,,,,,,,,,,0,0
440,113,1,,,,,110,day,,,,,,,,,,0,0
113,242,1,,,,,,,,,160,,,,,,,0,0
114,465,1,,,,,,,246,,,,,,,,,0,0
116,117,1,,32,,,,,,,,,,,,,,0,0
117,230,2,,,,,212,,,,,,,,,,,0,0
118,119,1,,33,,,,,,,,,,,,,,0,0
120,121,3,84,,,,,,,,,,,,,,,0,0
439,122,1,,,,,,,102,,,,,,,,,0,0
122,866,1,,42,,,,,,,,,,,,,,0,0
123,212,2,,,,,210,,,,,,,,,,,0,0
123,900,3,10001,,,,,,,,,,,,,,,0,0
238,124,1,,30,,,,,,,,,,,,,,0,0
239,125,1,,30,,,,,,,,,,,,,,0,0
125,466,2,,,,,299,,,,,,,,,,,0,0
240,126,1,,30,,,,,,,,,,,,,,0,0
126,467,2,,,,,300,,,,,,,,,,,0,0
129,130,1,,20,,,,,,,,,,,,,,0,0
133,134,3,84,,,,,,,,,,,,,,,0,0
133,135,3,83,,,,,,,,,,,,,,,0,0
133,136,3,82,,,,,,,,,,,,,,,0,0
133,196,1,,,,,,day,,,160,,,,,,,0,0
133,197,1,,,,,,night,,,160,,,,,,,0,0
133,470,1,,,,8,,,,,,,,,,,,0,0
133,470,1,,,,375,,,,,,,,,,,,0,0
133,470,1,,,,650,,,,,,,,,,,,0,0
133,470,3,85,,,,,,,,,,,,,,,0,0
133,471,1,,,,48,,,,,,,,,,,,0,0
133,471,1,,,,380,,,,,,,,,,,,0,0
133,471,1,,,,640,,,,,,,,,,,,0,0
133,471,3,885,,,,,,,,,,,,,,,0,0
133,700,1,,,,,,,,18,,,2,,,,,0,0
133,700,1,,,,,,,,18,160,,,,,,,0,0
137,233,2,,,,,229,,,,,,,,,,,0,0
233,474,2,,,,,301,,,,,,,,,,,0,0
138,139,1,,40,,,,,,,,,,,,,,0,0
140,141,1,,40,,,,,,,,,,,,,,0,0
446,143,1,,,,,,,,,160,,,,,,,0,0
147,148,1,,30,,,,,,,,,,,,,,0,0
148,149,1,,55,,,,,,,,,,,,,,0,0
152,153,1,,16,,,,,,,,,,,,,,0,0
153,154,1,,32,,,,,,,,,,,,,,0,0
155,156,1,,14,,,,,,,,,,,,,,0,0
156,157,1,,36,,,,,,,,,,,,,,0,0
158,159,1,,18,,,,,,,,,,,,,,0,0
159,160,1,,30,,,,,,,,,,,,,,0,0
161,162,1,,15,,,,,,,,,,,,,,0,0
163,164,1,,20,,,,,,,,,,,,,,0,0
165,166,1,,18,,,,,,,,,,,,,,0,0
167,168,1,,22,,,,,,,,,,,,,,0,0
170,171,1,,27,,,,,,,,,,,,,,0,0
175,176,1,,,,,,,,,160,,,,,,,0,0
176,468,3,107,,,,,,,,,,,,,,,0,0
177,178,1,,25,,,,,,,,,,,,,,0,0
179,180,1,,15,,,,,,,,,,,,,,0,0
180,181,1,,30,,,,,,,,,,,,,,0,0
298,183,1,,,,,,,,,160,,,,,,,0,0
183,184,1,,18,,,,,,,,,,,,,,0,0
438,185,1,,,,,,,102,,,,,,,,,0,0
187,188,1,,18,,,,,,,,,,,,,,0,0
188,189,1,,27,,,,,,,,,,,,,,0,0
190,424,1,,,,,,,458,,,,,,,,,0,0
191,192,3,80,,,,,,,,,,,,,,,0,0
193,469,1,,,,,,,246,,,,,,,,,0,0
194,195,1,,20,,,,,,,,,,,,,,0,0
194,980,1,,20,,,,,,,,,,,,,,0,0
198,430,3,108,,,,,,,,,,,,,,,0,0
200,429,3,108,,,,,,,,,,,,,,,0,0
360,202,1,,15,,,,,,,,,,,,,,0,0
203,981,1,,,,,,,888,,,,,,,,,0,0
204,205,1,,31,,,,,,,,,,,,,,0,0
206,982,1,,,,,,,887,,,,,,,,,0,0
207,472,1,,,,,304,night,,,,,,,,,,0,0
209,210,1,,23,,,,,,,,,,,,,,0,0
211,904,12,,,,,,,839,,,,,,,,,0,0
215,461,1,,,,,303,night,,,,,,,,,,0,0
215,903,1,,,,,303,day,,,,,,,,,,0,0
216,217,1,,30,,,,,,,,,,,,,,0,0
217,901,3,10002,,,,,full-moon,,,,,,,,,,0,0
218,219,1,,38,,,,,,,,,,,,,,0,0
220,221,1,,33,,,,,,,,,,,,,,0,0
221,473,1,,,,,,,246,,,,,,,,,0,0
222,864,1,,38,,,,,,,,,,,,,,0,0
223,224,1,,25,,,,,,,,,,,,,,0,0
458,226,1,,,,,,,,,,,,,223,,,0,0
228,229,1,,24,,,,,,,,,,,,,,0,0
231,232,1,,25,,,,,,,,,,,,,,0,0
234,899,11,,,,,,,828,,,,,,,,,0,0
246,247,1,,30,,,,,,,,,,,,,,0,0
247,248,1,,55,,,,,,,,,,,,,,0,0
252,253,1,,16,,,,,,,,,,,,,,0,0
253,254,1,,36,,,,,,,,,,,,,,0,0
255,256,1,,16,,,,,,,,,,,,,,0,0
256,257,1,,36,,,,,,,,,,,,,,0,0
258,259,1,,16,,,,,,,,,,,,,,0,0
259,260,1,,36,,,,,,,,,,,,,,0,0
261,262,1,,18,,,,,,,,,,,,,,0,0
263,264,1,,20,,,,,,,,,,,,,,0,0
264,862,1,,35,,,,night,,,,,,,,,,0,0
265,266,1,,7,,,,,,,,,,,,,,0,0
266,267,1,,10,,,,,,,,,,,,,,0,0
265,268,1,,7,,,,,,,,,,,,,,0,0
268,269,1,,10,,,,,,,,,,,,,,0,0
270,271,1,,14,,,,,,,,,,,,,,0,0
271,272,3,84,,,,,,,,,,,,,,,0,0
273,274,1,,14,,,,,,,,,,,,,,0,0
274,275,3,85,,,,,,,,,,,,,,,0,0
276,277,1,,22,,,,,,,,,,,,,,0,0
278,279,1,,25,,,,,,,,,,,,,,0,0
280,281,1,,20,,,,,,,,,,,,,,0,0
281,282,1,,30,,,,,,,,,,,,,,0,0
281,475,3,109,,2,,,,,,,,,,,,,0,0
283,284,1,,22,,,,,,,,,,,,,,0,0
285,286,1,,23,,,,,,,,,,,,,,0,0
287,288,1,,18,,,,,,,,,,,,,,0,0
288,289,1,,36,,,,,,,,,,,,,,0,0
290,291,1,,20,,,,,,,,,,,,,,0,0
290,292,4,,,,,,,,,,,,,,,,0,0
293,294,1,,20,,,,,,,,,,,,,,0,0
294,295,1,,40,,,,,,,,,,,,,,0,0
296,297,1,,24,,,,,,,,,,,,,,0,0
299,476,1,,,,10,,,,,,,,,,,,0,0
299,476,1,,,,379,,,,,,,,,,,,0,0
299,476,1,,,,629,,,,,,,,,,,,0,0
299,476,1,,,,,,,,,,,,,,,,0,0
300,301,3,81,,,,,,,,,,,,,,,0,0
304,305,1,,32,,,,,,,,,,,,,,0,0
305,306,1,,42,,,,,,,,,,,,,,0,0
307,308,1,,37,,,,,,,,,,,,,,0,0
309,310,1,,26,,,,,,,,,,,,,,0,0
406,315,1,,,,,,day,,,160,,,,,,,0,0
315,407,3,107,,,,,,,,,,,,,,,0,0
316,317,1,,26,,,,,,,,,,,,,,0,0
318,319,1,,30,,,,,,,,,,,,,,0,0
320,321,1,,40,,,,,,,,,,,,,,0,0
322,323,1,,33,,,,,,,,,,,,,,0,0
325,326,1,,32,,,,,,,,,,,,,,0,0
328,329,1,,35,,,,,,,,,,,,,,0,0
329,330,1,,45,,,,,,,,,,,,,,0,0
331,332,1,,32,,,,,,,,,,,,,,0,0
333,334,1,,35,,,,,,,,,,,,,,0,0
339,340,1,,30,,,,,,,,,,,,,,0,0
341,342,1,,30,,,,,,,,,,,,,,0,0
343,344,1,,36,,,,,,,,,,,,,,0,0
345,346,1,,40,,,,,,,,,,,,,,0,0
347,348,1,,40,,,,,,,,,,,,,,0,0
349,350,1,,,,,,,,,,171,,,,,,0,0
349,350,2,,,,,580,,,,,,,,,,,0,0
349,350,1,,,,,,,,,,170,,,,,,0,0
353,354,1,,37,,,,,,,,,,,,,,0,0
355,356,1,,37,,,,,,,,,,,,,,0,0
356,477,2,,,,,302,,,,,,,,,,,0,0
433,358,1,,,,,,night,,,220,,,,,,,0,0
361,362,1,,42,,,,,,,,,,,,,,0,0
361,478,3,109,,1,,,,,,,,,,,,,0,0
363,364,1,,32,,,,,,,,,,,,,,0,0
364,365,1,,44,,,,,,,,,,,,,,0,0
366,367,2,,,,,203,,,,,,,,,,,0,0
366,368,2,,,,,204,,,,,,,,,,,0,0
371,372,1,,30,,,,,,,,,,,,,,0,0
372,373,1,,50,,,,,,,,,,,,,,0,0
374,375,1,,20,,,,,,,,,,,,,,0,0
375,376,1,,45,,,,,,,,,,,,,,0,0
387,388,1,,18,,,,,,,,,,,,,,0,0
388,389,1,,32,,,,,,,,,,,,,,0,0
390,391,1,,14,,,,,,,,,,,,,,0,0
391,392,1,,36,,,,,,,,,,,,,,0,0
393,394,1,,16,,,,,,,,,,,,,,0,0
394,395,1,,36,,,,,,,,,,,,,,0,0
396,397,1,,14,,,,,,,,,,,,,,0,0
397,398,1,,34,,,,,,,,,,,,,,0,0
399,400,1,,15,,,,,,,,,,,,,,0,0
401,402,1,,10,,,,,,,,,,,,,,0,0
403,404,1,,15,,,,,,,,,,,,,,0,0
404,405,1,,30,,,,,,,,,,,,,,0,0
408,409,1,,30,,,,,,,,,,,,,,0,0
410,411,1,,30,,,,,,,,,,,,,,0,0
412,413,1,,20,1,,,,,,,,,,,,,0,0
412,414,1,,20,2,,,,,,,,,,,,,0,0
415,416,1,,21,1,,,,,,,,,,,,,0,0
418,419,1,,26,,,,,,,,,,,,,,0,0
420,421,1,,25,,,,,,,,,,,,,,0,0
422,423,1,,30,,,,,,,,,,,,,,0,0
425,426,1,,28,,,,,,,,,,,,,,0,0
427,428,1,,,,,,,,,160,,,,,,,0,0
431,432,1,,38,,,,,,,,,,,,,,0,0
434,435,1,,34,,,,,,,,,,,,,,0,0
436,437,1,,33,,,,,,,,,,,,,,0,0
443,444,1,,24,,,,,,,,,,,,,,0,0
444,445,1,,48,,,,,,,,,,,,,,0,0
447,448,1,,,,,,day,,,160,,,,,,,0,0
449,450,1,,34,,,,,,,,,,,,,,0,0
451,452,1,,40,,,,,,,,,,,,,,0,0
453,454,1,,37,,,,,,,,,,,,,,0,0
456,457,1,,31,,,,,,,,,,,,,,0,0
459,460,1,,40,,,,,,,,,,,,,,0,0
495,496,1,,17,,,,,,,,,,,,,,0,0
496,497,1,,36,,,,,,,,,,,,,,0,0
498,499,1,,17,,,,,,,,,,,,,,0,0
499,500,1,,36,,,,,,,,,,,,,,0,0
501,502,1,,17,,,,,,,,,,,,,,0,0
502,503,1,,36,,,,,,,,,,,,,,0,0
504,505,1,,20,,,,,,,,,,,,,,0,0
506,507,1,,16,,,,,,,,,,,,,,0,0
507,508,1,,32,,,,,,,,,,,,,,0,0
509,510,1,,20,,,,,,,,,,,,,,0,0
511,512,3,85,,,,,,,,,,,,,,,0,0
513,514,3,82,,,,,,,,,,,,,,,0,0
515,516,3,84,,,,,,,,,,,,,,,0,0
517,518,3,81,,,,,,,,,,,,,,,0,0
519,520,1,,21,,,,,,,,,,,,,,0,0
520,521,1,,32,,,,,,,,,,,,,,0,0
522,523,1,,27,,,,,,,,,,,,,,0,0
524,525,1,,25,,,,,,,,,,,,,,0,0
525,526,2,,,,,,,,,,,,,,,,0,0
527,528,1,,,,,,,,,160,,,,,,,0,0
529,530,1,,31,,,,,,,,,,,,,,0,0
532,533,1,,25,,,,,,,,,,,,,,0,0
533,534,2,,,,,,,,,,,,,,,,0,0
535,536,1,,25,,,,,,,,,,,,,,0,0
536,537,1,,36,,,,,,,,,,,,,,0,0
540,541,1,,20,,,,,,,,,,,,,,0,0
541,542,1,,,,,,,,,220,,,,,,,0,0
543,544,1,,22,,,,,,,,,,,,,,0,0
544,545,1,,30,,,,,,,,,,,,,,0,0
546,547,3,80,,,,,,,,,,,,,,,0,0
548,549,3,80,,,,,,,,,,,,,,,0,0
550,902,13,,,,,,,,,,,,,,,,0,0
551,552,1,,29,,,,,,,,,,,,,,0,0
552,553,1,,40,,,,,,,,,,,,,,0,0
554,555,1,,35,,,,,,,,,,,,,,0,0
554,555,3,885,,,,,,,,,,,,,,,0,0
557,558,1,,34,,,,,,,,,,,,,,0,0
559,560,1,,39,,,,,,,,,,,,,,0,0
562,563,1,,34,,,,,,,,,,,,,,0,0
562,867,9,,,,,,,,,,,,,,,,0,0
564,565,1,,37,,,,,,,,,,,,,,0,0
566,567,1,,37,,,,,,,,,,,,,,0,0
568,569,1,,36,,,,,,,,,,,,,,0,0
570,571,1,,30,,,,,,,,,,,,,,0,0
572,573,3,107,,,,,,,,,,,,,,,0,0
574,575,1,,32,,,,,,,,,,,,,,0,0
575,576,1,,41,,,,,,,,,,,,,,0,0
577,578,1,,32,,,,,,,,,,,,,,0,0
578,579,1,,41,,,,,,,,,,,,,,0,0
580,581,1,,35,,,,,,,,,,,,,,0,0
582,583,1,,35,,,,,,,,,,,,,,0,0
583,584,1,,47,,,,,,,,,,,,,,0,0
585,586,1,,34,,,,,,,,,,,,,,0,0
588,589,2,,,,,,,,,,,,,,,616,0,0
590,591,1,,39,,,,,,,,,,,,,,0,0
592,593,1,,40,,,,,,,,,,,,,,0,0
595,596,1,,36,,,,,,,,,,,,,,0,0
597,598,1,,40,,,,,,,,,,,,,,0,0
599,600,1,,38,,,,,,,,,,,,,,0,0
600,601,1,,49,,,,,,,,,,,,,,0,0
602,603,1,,39,,,,,,,,,,,,,,0,0
603,604,3,83,,,,,,,,,,,,,,,0,0
605,606,1,,42,,,,,,,,,,,,,,0,0
607,608,1,,41,,,,,,,,,,,,,,0,0
608,609,3,108,,,,,,,,,,,,,,,0,0
610,611,1,,38,,,,,,,,,,,,,,0,0
611,612,1,,48,,,,,,,,,,,,,,0,0
613,614,1,,37,,,,,,,,,,,,,,0,0
616,617,2,,,,,,,,,,,,,,,588,0,0
619,620,1,,50,,,,,,,,,,,,,,0,0
622,623,1,,43,,,,,,,,,,,,,,0,0
624,625,1,,52,,,,,,,,,,,,,,0,0
625,983,10,,,,,,,,,,,,,,,,0,0
627,628,1,,54,,,,,,,,,,,,,,0,0
629,630,1,,54,,,,,,,,,,,,,,0,0
633,634,1,,50,,,,,,,,,,,,,,0,0
634,635,1,,64,,,,,,,,,,,,,,0,0
636,637,1,,59,,,,,,,,,,,,,,0,0
650,651,1,,16,,,,,,,,,,,,,,0,0
651,652,1,,36,,,,,,,,,,,,,,0,0
653,654,1,,16,,,,,,,,,,,,,,0,0
654,655,1,,36,,,,,,,,,,,,,,0,0
656,657,1,,16,,,,,,,,,,,,,,0,0
657,658,1,,36,,,,,,,,,,,,,,0,0
659,660,1,,20,,,,,,,,,,,,,,0,0
661,662,1,,17,,,,,,,,,,,,,,0,0
662,663,1,,35,,,,,,,,,,,,,,0,0
664,665,1,,9,,,,,,,,,,,,,,0,0
665,666,1,,12,,,,,,,,,,,,,,0,0
667,668,1,,35,,,,,,,,,,,,,,0,0
669,670,1,,19,,,,,,,,,,,,,,0,0
670,671,3,107,,,,,,,,,,,,,,,0,0
672,673,1,,32,,,,,,,,,,,,,,0,0
674,675,1,,32,,,,,,,,,,,,17,,0,0
677,678,1,,25,,,,,,,,,,,,,,0,0
679,680,1,,35,,,,,,,,,,,,,,0,0
680,681,3,108,,,,,,,,,,,,,,,0,0
682,683,2,,,,,687,,,,,,,,,,,0,0
684,685,2,,,,,686,,,,,,,,,,,0,0
686,687,1,,30,,,,,,,,,,,,,,0,1
688,689,1,,39,,,,,,,,,,,,,,0,0
690,691,1,,48,,,,,,,,,,,,,,0,0
692,693,1,,37,,,,,,,,,,,,,,0,0
694,695,3,80,,,,,,,,,,,,,,,0,0
696,697,1,,39,,,,day,,,,,,,,,,0,0
698,699,1,,39,,,,night,,,,,,,,,,0,0
704,705,1,,40,,,,,,,,,,,,,,0,0
705,706,1,,50,,,,,,,,,,,,,,1,0
708,709,2,,,,,,,,,,,,,,,,0,0
710,711,2,,,,,,,,,,,,,,,,0,0
712,713,1,,37,,,,,,,,,,,,,,0,0
714,715,1,,48,,,,,,,,,,,,,,0,0
722,723,1,,17,,,,,,,,,,,,,,0,0
723,724,1,,34,,,,,,,,,,,,,,0,0
725,726,1,,17,,,,,,,,,,,,,,0,0
726,727,1,,34,,,,,,,,,,,,,,0,0
728,729,1,,17,,,,,,,,,,,,,,0,0
729,730,1,,34,,,,,,,,,,,,,,0,0
731,732,1,,14,,,,,,,,,,,,,,0,0
732,733,1,,28,,,,,,,,,,,,,,0,0
734,735,1,,20,,,,day,,,,,,,,,,0,0
736,737,1,,20,,,,,,,,,,,,,,0,0
737,738,1,,,,,,,,,,,,,,,,0,0
737,738,3,83,,,,,,,,,,,,,,,0,0
739,740,1,,,,775,,,,,,,,,,,,0,0
742,743,1,,25,,,,,,,,,,,,,,0,0
744,745,1,,25,,,,day,,,,,,,,,,0,0
744,745,1,,25,,,,night,,,,,,,,,,0,0
744,745,1,,25,,,,dusk,,,,,,,,,,0,0
747,748,1,,38,,,,,,,,,,,,,,0,0
749,750,1,,30,,,,,,,,,,,,,,0,0
751,752,1,,22,,,,,,,,,,,,,,0,0
753,754,1,,34,,,,day,,,,,,,,,,0,0
755,756,1,,24,,,,,,,,,,,,,,0,0
757,758,1,,33,1,,,,,,,,,,,,,0,0
759,760,1,,27,,,,,,,,,,,,,,0,0
761,762,1,,18,,,,,,,,,,,,,,0,0
762,763,1,,,,,,,23,,,,,,,,,0,0
767,768,1,,30,,,,,,,,,,,,,,0,0
769,770,1,,42,,,,,,,,,,,,,,0,0
772,773,1,,,,,,,,,160,,,,,,,0,0
782,783,1,,35,,,,,,,,,,,,,,0,0
783,784,1,,45,,,,,,,,,,,,,,0,0
789,790,1,,43,,,,,,,,,,,,,,0,0
790,791,1,,53,,,,day,,,,,,,,,,0,0
790,792,1,,53,,,,night,,,,,,,,,,0,0
803,804,1,,,,,,,406,,,,,,,,,0,0
810,811,1,,16,,,,,,,,,,,,,,0,0
811,812,1,,35,,,,,,,,,,,,,,0,0
813,814,1,,16,,,,,,,,,,,,,,0,0
814,815,1,,35,,,,,,,,,,,,,,0,0
816,817,1,,16,,,,,,,,,,,,,,0,0
817,818,1,,35,,,,,,,,,,,,,,0,0
819,820,1,,24,,,,,,,,,,,,,,0,0
821,822,1,,18,,,,,,,,,,,,,,0,0
822,823,1,,38,,,,,,,,,,,,,,0,0
824,825,1,,10,,,,,,,,,,,,,,0,0
825,826,1,,30,,,,,,,,,,,,,,0,0
827,828,1,,18,,,,,,,,,,,,,,0,0
829,830,1,,20,,,,,,,,,,,,,,0,0
831,832,1,,24,,,,,,,,,,,,,,0,0
833,834,1,,22,,,,,,,,,,,,,,0,0
835,836,1,,25,,,,,,,,,,,,,,0,0
837,838,1,,18,,,,,,,,,,,,,,0,0
838,839,1,,34,,,,,,,,,,,,,,0,0
840,841,3,1175,,,,,,,,,,,,,,,0,0
840,842,3,1174,,,,,,,,,,,,,,,0,0
843,844,1,,36,,,,,,,,,,,,,,0,0
846,847,1,,26,,,,,,,,,,,,,,0,0
848,849,1,,30,,,,,,,,,,,,,,0,0
850,851,1,,28,,,,,,,,,,,,,,0,0
852,853,1,,,,,,,269,,,,,,,,,0,0
854,855,3,1311,,,,,,,,,,,,,,,0,0
856,857,1,,32,,,,,,,,,,,,,,0,0
857,858,1,,42,,,,,,,,,,,,,,0,0
859,860,1,,32,,,,,,,,,,,,,,0,0
860,861,1,,42,,,,,,,,,,,,,,0,0
868,869,5,,,,,,,,,,,,,,,,0,0
872,873,1,,,,,,night,,,160,,,,,,,0,0
878,879,1,,34,,,,,,,,,,,,,,0,0
885,886,1,,50,,,,,,,,,,,,,,0,0
886,887,1,,60,,,,,,,,,,,,,,0,0
891,892,6,,,,,,,,,,,,,,,,0,0
891,892,7,,,,,,,,,,,,,,,,0,0
906,907,1,,16,,,,,,,,,,,,,,0,0
907,908,1,,36,,,,,,,,,,,,,,0,0
909,910,1,,16,,,,,,,,,,,,,,0,0
910,911,1,,36,,,,,,,,,,,,,,0,0
912,913,1,,16,,,,,,,,,,,,,,0,0
913,914,1,,36,,,,,,,,,,,,,,0,0
915,916,1,,18,,,,,,,,,,,,,,0,0
917,918,1,,15,,,,,,,,,,,,,,0,0
919,920,1,,24,,,,,,,,,,,,,,0,0
921,922,1,,18,,,,,,,,,,,,,,0,0
922,923,10,,,,,,,,,,,,,,,,0,0
924,925,10,,25,,,,,,,,,,,,,,0,0
926,927,1,,26,,,,,,,,,,,,,,0,0
928,929,1,,25,,,,,,,,,,,,,,0,0
929,930,1,,35,,,,,,,,,,,,,,0,0
932,933,1,,24,,,,,,,,,,,,,,0,0
933,934,1,,38,,,,,,,,,,,,,,0,0
935,936,3,2045,,,,,,,,,,,,,,,0,0
935,937,3,1677,,,,,,,,,,,,,,,0,0
938,939,3,83,,,,,,,,,,,,,,,0,0
940,941,1,,25,,,,,,,,,,,,,,0,0
942,943,1,,30,,,,,,,,,,,,,,0,0
944,945,1,,28,,,,,,,,,,,,,,0,0
946,947,10,,,,,,,,,,,,,,,,0,0
948,949,1,,30,,,,,,,,,,,,,,0,0
951,952,3,82,,,,,,,,,,,,,,,0,0
953,954,10,,,,,,,,,,,,,,,,0,0
955,956,1,,35,,,,,,,,,,,,,,0,0
957,958,1,,24,,,,,,,,,,,,,,0,0
958,959,1,,38,,,,,,,,,,,,,,0,0
960,961,1,,26,,,,,,,,,,,,,,0,0
963,964,10,,38,,,,,,,,,,,,,,0,0
965,966,1,,40,,,,,,,,,,,,,,0,0
969,970,1,,35,,,,,,,,,,,,,,0,0
971,972,1,,30,,,,night,,,,,,,,,,0,0
974,975,3,885,,,,,,,,,,,,,,,0,0
996,997,1,,35,,,,,,,,,,,,,,0,0
997,998,1,,54,,,,,,,,,,,,,,0,0
999,1000,10,,,,,,,,,,,,,,,,0,0
